<configuration>
 
    <!-- Define the log file path -->
    <property name="LOG_HOME" value="logs" />
   
    <!-- Console logging -->
    <appender name="console" class="ch.qos.logback.core.ConsoleAppender">
        <encoder>
            <pattern>%d{yyyy-MM-dd HH:mm:ss} - %msg%n</pattern>
        </encoder>
    </appender>
 
    <!-- File logging with rolling policy -->
    <appender name="file" class="ch.qos.logback.core.rolling.RollingFileAppender">
        <file>${LOG_HOME}/app.log</file>
       
        <!-- Rolling policy -->
        <rollingPolicy class="ch.qos.logback.core.rolling.TimeBasedRollingPolicy">
            <fileNamePattern>${LOG_HOME}/app-%d{yyyy-MM-dd}.log</fileNamePattern>
            <maxHistory>30</maxHistory> <!-- Keep logs for 30 days -->
            <maxFileSize>10MB</maxFileSize> <!-- Max log file size before rotating -->
        </rollingPolicy>
 
        <encoder>
            <pattern>%d{yyyy-MM-dd HH:mm:ss} - [%level] %logger{36} - %msg%n</pattern>
        </encoder>
    </appender>
 
    <!-- Root logger settings -->
    <root level="INFO">
        <appender-ref ref="console" />
        <appender-ref ref="file" />
    </root>
</configuration>